bias	BetaNB_p	binom	NB_p	BetaNB	MCNB	binom_beta	MCNB_p	NB
1.1	0.006712946210488136	0.009245954845426969	0.0065058519336759855	0.011232329581010583	0.03929173451638391	0.019034957210251138	0.047873359552835525	0.011460062036639218
1.2	0.006637802883215115	0.01119206588099141	0.005906747431943401	0.011370626283575023	0.043836934505570684	0.007993217976365926	0.04036325357073306	0.011200009016776513
1.3	0.006783929887739384	0.01162051685638229	0.0061702183672183546	0.009653260587073527	0.060760300442315424	0.008468745231709044	0.06217558186146156	0.01145819213548972
1.5	0.007688011419718431	0.011970232859552133	0.007648229400001776	0.01728220208788265	0.04327512042937374	0.005803060633464737	0.03989574471415719	0.0124033875851998
