bias	BetaNB_p	binom	NB_p	BetaNB	MCNB	binom_beta	MCNB_p	NB
1.0	0.005136095310479097	0.00477084154165266	0.004726535702938444	0.005082706676289297	0.004582282422947507	0.005420489457409785	0.00453817072405036	0.004722055789181316
1.0625	0.004902815724435109	0.004950005903023818	0.004820903628120651	0.004946863729063897	0.0067517626836593675	0.005709794507611677	0.022264509832299707	0.005141254475651069
1.125	0.004472200984846999	0.00408919716571342	0.004026703429566717	0.004393631598214925	0.00451606410909125	0.00529212687039027	0.082107406164252	0.004308581595413429
1.1875	0.004448073721882312	0.003826522465538186	0.0036855282189074664	0.004557603877365853	0.008789657973960323	0.004838421332389579	0.1771722679058731	0.004312084091285338
1.25	0.004166130371530588	0.003888595412903607	0.00380288055912262	0.004580115535109535	0.010682986965073728	0.005002280816415973	0.17334446690924746	0.004684604902166427
1.3125	0.005585404997153201	0.004905661928378637	0.005204763130935763	0.0056185554022550235	0.005344674281019832	0.006169101273754868	0.20738709159853366	0.00544891454788305
1.375	0.005242142739398887	0.004893572072035245	0.005217264385134516	0.005176480141717782	0.0052320886855689195	0.005058429786578474	0.13719063675252857	0.00568904554733836
1.4375	0.0061423440009672975	0.005648239351433171	0.005804149761284938	0.006487024972566063	0.011239121220139831	0.006031317649301735	0.15894719534405038	0.0069128267934207965
1.5	0.005762571494743678	0.005406650662396954	0.005310469709096247	0.006067941434598828	0.0077039815252660584	0.0058279375556687975	0.11732010326781164	0.006768805704461687
