r0w	BetaNB_p	binom	NB_p	BetaNB	MCNB	binom_beta	MCNB_p	NB
0.0	0.6803378484567133	0.7222065593538828	0.7193334572082624	0.6805788637362273	0.6645892632013506	0.684322638206375	0.6716088215488957	0.7193151078889846
0.2	0.6780387808362566	0.7106243107626785	0.705760860574576	0.6784490968764402	0.6960107426851273	0.6823952576897245	0.6979042434899849	0.7054650437190875
0.4	0.6893120196351532	0.7149514688457985	0.7101997202755506	0.6900113585534557	0.6748127415709734	0.6890700245213903	0.6724371346598594	0.7096913907412085
0.6	0.686103345903242	0.7084414670454471	0.7022216922425466	0.6868213702478773	0.6873962458914586	0.6884275944646239	0.6869943088215761	0.7014338295531158
0.8	0.6892475781414269	0.709545990371259	0.7020300072272846	0.6899604957707629	0.6859452696191045	0.6912415072625478	0.6906462731642067	0.7011775483809665
1.0	0.6860997352143289	0.7048946216372961	0.6977102799009101	0.6870882246718489	0.6866033824203452	0.6888224386379564	0.689542799600971	0.6968537084518518
