r0w	BetaNB_p	binom	NB_p	BetaNB	MCNB	binom_beta	MCNB_p	NB
0.0	0.3012899900658601	0.25773042403285096	0.25732933919403955	0.30317624433188184	0.30990768326807966	0.2794137784685643	0.17813195088048067	0.2561007009698627
0.2	0.3012419533044743	0.2440181676843039	0.24241412274579907	0.3023606317916528	0.3002580623041292	0.2869773641428901	0.18101654771826606	0.24055247049328005
0.4	0.30024115626050496	0.22968092750555033	0.22686708839020864	0.3006720909886904	0.18424978066056302	0.2942128581248612	0.18424978066056302	0.22358145326729675
0.6	0.30129486261786875	0.2191856627613697	0.21524578440837433	0.30140211245354787	0.18400587231194687	0.30239547025321667	0.18400587231194687	0.2110355792992667
0.8	0.30615830469685523	0.2176107669648108	0.21327802072348195	0.3064146728810177	0.19288323121845605	0.31055135093306685	0.19288323121845605	0.20856837012573265
1.0	0.3129188796206498	0.21507088635977634	0.21077486531849163	0.31297190912911405	0.19789985618006112	0.3177428170239769	0.19789985618006112	0.2055732955156609
