kappa	BetaNB_p	binom	NB_p	BetaNB	MCNB	binom_beta	MCNB_p	NB
10.0	0.10647017182365234	0.13035586570579838	0.09934301035650181	0.10644440654336776	0.09724339662137851	0.10682744926525782	0.09724339662137851	0.09850965721926142
16.0	0.11163430048350767	0.12059921143788707	0.1013190958113861	0.11167705904473509	0.1000390592388924	0.11210148429912367	0.10078744685035541	0.10039054733842416
32.0	0.13671231297082126	0.1205628727806514	0.11331234433668014	0.13676885221171026	0.11418395511680823	0.13759944094681992	0.11418395511680823	0.11169809825640568
64.0	0.19154110331962804	0.13763398877399102	0.13576788437596013	0.1915995255706318	0.13871120259655573	0.19386039467454105	0.13871120259655573	0.13302093784507263
128.0	0.3009302980334702	0.20685144275097564	0.20337360512113492	0.3008514990962937	0.2123008682057797	0.30645656777571173	0.21350066514492166	0.19840265110171687
256.0	0.4986830235890542	0.4027388533715596	0.3914162238598552	0.49834115609797297	0.4233959629143823	0.5088295388434922	0.4233959629143823	0.3833583629356658
512.0	0.7243745611662901	0.6901004345223997	0.6742654360825495	0.7240364466961886	0.7126726444597746	0.7355859629450422	0.714601808801615	0.6677968592725556
