r0w	BetaNB_p	binom	NB_p	BetaNB	MCNB	binom_beta	MCNB_p	NB
0.0	0.013520862445633297	0.01098104972389761	0.010797780529299474	0.013360510835609846	0.015210222969741302	0.013584381595096225	0.00956956812444422	0.01092477811259206
0.2	0.014163579127633592	0.012277401353007682	0.012340249048390515	0.014049777223796184	0.014598668700439367	0.013969011874976083	0.010407930242761322	0.012486478836066617
0.4	0.011828278195333627	0.008625991806984024	0.008616542857288058	0.011773897028633306	0.009502803103283091	0.011755064502763517	0.009502803103283091	0.008753699395603779
0.6	0.015336207805758652	0.00973222554496385	0.009625385057960371	0.015529753894992249	0.009023512087441139	0.014600821279406654	0.009023512087441139	0.009479430320325001
0.8	0.011811609117035294	0.00846774773356344	0.008314895625043029	0.011931374077583332	0.010093371015414503	0.012018282086156549	0.010093371015414503	0.008230640982222098
1.0	0.017308693314313017	0.010241216868520711	0.010037265287912942	0.017361970686794532	0.010893788756129301	0.017600754307040088	0.010893788756129301	0.009827882648690927
