r0noise	BetaNB_p	binom	NB_p	BetaNB	MCNB	binom_beta	MCNB_p	NB
2.0	0.003686699148288655	0.0035152542603306123	0.004207910895760405	0.0036691424751783604	0.005082773706397131	0.0031248007685824317	0.0046582692790487846	0.0043768795835646395
4.0	0.005399049476908413	0.005632116133775609	0.00586708418398573	0.005420785055487942	0.004456030294661237	0.004978190560772848	0.004456030294661237	0.005983656398284323
6.0	0.004537667503547936	0.004487956088889687	0.004197462277365425	0.0045167023241781115	0.0038467085147967685	0.0033142196431405527	0.0038467085147967685	0.00428538744654695
8.0	0.007149898028900681	0.0075014200425356035	0.007409277362677352	0.007896659650683098	0.004609374900979325	0.006340834097900907	0.004609374900979325	0.007530376342707584
10.0	0.00993810091734888	0.009889968647107644	0.008948414128264977	0.010891495211373066	0.007704354827320015	0.009045123035083055	0.007704354827320015	0.009143003897897309
12.0	0.011100368109522174	0.011489112862274043	0.011029060820169115	0.011567994572797462	0.009466653527539653	0.009528377098407509	0.009466653527539653	0.011229941781937853
