bias	BetaNB_p	binom	NB_p	BetaNB	MCNB	binom_beta	MCNB_p	NB
1.1	0.8915901578387635	0.24928007871848762	0.9031985288529419	0.646133533272073	0.5531857054053192	0.20201087190182293	0.5373318432401131	0.6596508888459758
1.2	0.8980192152001593	0.22027215011134493	0.9072639616373719	0.452576488717812	0.45074910557587006	0.19051769926495465	0.4751465103994491	0.4300100017690129
1.3	0.8927843780958898	0.1979048733531713	0.9019981061051905	0.38857527237886114	0.4145409712441843	0.18855611588624527	0.42456631748018603	0.3314264145144289
1.5	0.8854077399184774	0.16206293588360043	0.8942226198736403	0.27700639805568616	0.3769601310915899	0.1862979086423477	0.3859984743427635	0.19601312226723985
