kappa	BetaNB_p	binom	NB_p	BetaNB	MCNB	binom_beta	MCNB_p	NB
16.0	0.10960989446436527	0.10971231411265807	0.10124414982427406	0.10973366099150259	0.09962822269845506	0.10927934718930954	0.09962822269845506	0.10037085064872815
32.0	0.13307386924664763	0.11497097818896643	0.11249663649416586	0.1331636940301258	0.10892695055157095	0.13184662363162447	0.10892695055157095	0.11111516655168974
64.0	0.1759180667374042	0.1357158461102414	0.1354708735465312	0.17578870067440533	0.13251115596519708	0.17262217634852847	0.12077478889311129	0.1331178127471276
128.0	0.2520444387902211	0.1893716717005725	0.1890020394536037	0.2524908668852058	0.17506209706655143	0.2368750211779073	0.1408661465234243	0.18523901696204664
256.0	0.3520689821246482	0.3119194911945623	0.3122188139741731	0.3550161176558507	0.3477184856551134	0.31605424696265794	0.17718010443072935	0.3093456419644564
512.0	0.4508104368731446	0.46167698750233416	0.4677271667569348	0.457928451400584	0.4585336021757058	0.4027115473378998	0.2479324249508487	0.47087197167461986
1024.0	0.5188840760518029	0.5531569891172451	0.5683736375992837	0.5295657260025495	0.4653658144646752	0.48105870414528995	0.3851388175911011	0.5767696062028208
