r0noise	BetaNB_p	binom	NB_p	BetaNB	MCNB	binom_beta	MCNB_p	NB
2.0	0.9765475154178647	0.9780229162500877	0.972623541114338	0.9765027720369176	0.9817483972658263	0.9798162717822162	0.982755887665561	0.9706795359212599
4.0	0.9539381147904393	0.9485358624070234	0.9452214741256373	0.9538927285317952	0.9649284470589239	0.953647829120279	0.9649284470589239	0.9423182722439678
6.0	0.9316126523308748	0.9193302052731716	0.9197983224013999	0.9316082959679578	0.940930548014007	0.9286170017760357	0.940930548014007	0.9164072252872483
8.0	0.908676705821048	0.8937048850572686	0.898130539051424	0.9080493454112384	0.916840768428877	0.9070729103014328	0.916840768428877	0.8943201762120656
10.0	0.8918884434970946	0.8740860995182027	0.8802710229314717	0.8904137721153426	0.896319976627073	0.8894085922334636	0.896319976627073	0.8763104457437787
12.0	0.8741783040530766	0.8541474472913404	0.8636368335376862	0.8746164358871444	0.8785820760805819	0.8722890190686148	0.8785820760805819	0.8592352728142941
