r0w	BetaNB_p	binom	NB_p	BetaNB	MCNB	binom_beta	MCNB_p	NB
0.0	0.012208050474075166	0.011440575557020922	0.01086943435457976	0.012197120302499276	0.03390907617016378	0.01161606379787074	0.02303626244562924	0.010869097460624784
0.2	0.01015628969790691	0.011401417885290184	0.01131671525596314	0.010036251301148134	0.013550560710164793	0.011013843502622765	0.012951027147784795	0.011322074675645225
0.4	0.014037069535738493	0.014768526603038628	0.014609113456876276	0.014129909807698984	0.027654595734516875	0.013814626841641938	0.032021981575536325	0.014676493948372057
0.6	0.010472505387735672	0.010354804039748517	0.010513743979556074	0.010612725463270975	0.018061849199355176	0.01090235142252513	0.011979544682656457	0.010466128580234135
0.8	0.011584234509470862	0.01177540046487074	0.012394584126415488	0.011666635557730967	0.013704500989493757	0.012230136292858889	0.01384466884694125	0.012413301299799324
1.0	0.01409572566425587	0.013902718456064644	0.014708649391212142	0.014073975784348873	0.015108652903812187	0.012034876731238492	0.013905851653308229	0.014692396326252967
