samples	BetaNB_p	binom	NB_p	BetaNB	MCNB	binom_beta	MCNB_p	NB
1.0	0.016406294519673393	0.019450177617860397	0.015183151499105735	0.016757899521732164	0.042225224777059506	0.021213455165353452	0.043178292014874935	0.01573013413245484
2.0	0.01271719074925837	0.014185460109641338	0.013099383195178014	0.012813107068696167	0.021902398321872164	0.013439405562275124	0.01877418048986796	0.013213239210823633
4.0	0.009985139035965705	0.00921278607804897	0.009859779675118278	0.009975421817372777	0.012107541512293036	0.008668940471424415	0.01193206012597684	0.00985935168675333
8.0	0.006279648193878816	0.006205435417468861	0.00623769947137043	0.006256130018514288	0.006392771012385959	0.006422781927859199	0.00683368764278203	0.006268451721226197
16.0	0.0020463205256460028	0.002008021927904308	0.001829172542600558	0.0020649353209553187	0.001751673732641238	0.002133393473378811	0.001774349147507047	0.0018518472128214334
25.0	0.0005572478832003612	0.0003712727472191263	0.00035131546666154284	0.0005523829319111445	0.0003212424098032947	0.0008876630783738128	0.0003393809178940506	0.000354778169572142
32.0	0.00019061689101044284	0.000104366287445769	9.60686303183745e-05	0.00018937116098367745	8.020748271094569e-05	0.0003820833553724711	0.00013471162882435902	9.93872840768956e-05
48.0	2.1403593292385033e-06	6.766595425207818e-07	2.1783608356187346e-07	2.1403593292385033e-06	2.1783608356187346e-07	6.515700798998466e-06	9.104213755685505e-07	2.1783608356187346e-07
64.0	0.0	0.0	0.0	0.0	2.482534153247273e-17	2.482534153247273e-17	2.482534153247273e-17	0.0
