bias	BetaNB_p	binom	NB_p	BetaNB	MCNB	binom_beta	MCNB_p	NB
1.0	0.012208050474075166	0.011440575557020922	0.01086943435457976	0.012197120302499276	0.03390907617016378	0.01161606379787074	0.02303626244562924	0.010869097460624784
1.1	0.01261137500197567	0.012520735970039167	0.011352265733320453	0.012180968040579195	0.020007259474830803	0.012489129656216244	0.055310774196422205	0.011195726653006884
1.2	0.014407641557110305	0.012873380829378412	0.01174958124646418	0.013070778272628286	0.030836362393364732	0.01280036857546888	0.08351923739847483	0.01127742032182215
1.3	0.015852814440796646	0.013301711375119084	0.012311504720510057	0.015622661028827063	0.059906892826321924	0.04000877494591447	0.09825540131438804	0.011234924204559005
1.4	0.020660353697997173	0.013674141407347639	0.013271308914798573	0.018626807094634372	0.04393493178912552	0.01763900322069575	0.07128446183313615	0.011868802403229912
1.5	0.022208616085124023	0.013779888635797185	0.01369107949550894	0.022821696423860952	0.013396246552842439	0.013545079804402463	0.05056095030170531	0.01231753963782085
