bad	BetaNB_p	binom	NB_p	BetaNB	MCNB	binom_beta	MCNB_p	NB
1.0	0.005136095310479097	0.00477084154165266	0.004726535702938444	0.005082706676289297	0.004582282422947507	0.005420489457409785	0.00453817072405036	0.004722055789181316
1.25	0.019897928387965894	0.01707564818880923	0.017401243985511634	0.01728807057856603	0.01698098267469252	0.016987953611272876	0.017129590813175135	0.01712743557171803
1.5	0.01649404135798748	0.01733655197369028	0.01902529733057751	0.013530787890346818	0.04756683021040596	0.016940855800164852	0.019110738717247673	0.01453846828030954
1.75	0.010536707408291594	0.014600135348838495	0.010342463755882148	0.008381573306979402	0.050582953173703135	0.017730861472051728	0.03906075317992732	0.008824707322746572
2.0	0.006079487802982117	0.013339966551260865	0.005379166041565294	0.004728166898609648	0.02696784075976417	0.040550928613755796	0.04402223565980434	0.004305315778385977
2.25	0.007871769237073433	0.012823912371837788	0.007508704578504875	0.007940133648483673	0.013053897393042174	0.008370196465985224	0.009676715003365305	0.007359357165334157
2.5	0.006466617241938166	0.009925987929205736	0.0059481887260574426	0.006356116525140896	0.008471874365375944	0.006328837514242982	0.008124593979228836	0.005430158247668454
2.75	0.006362888048546253	0.012046198229879141	0.006887753235873657	0.007062792801478996	0.008539344040461146	0.005942194962604163	0.008381036102707275	0.00733850072428482
3.0	0.00768799300310615	0.011970232859552133	0.007647984517781713	0.006941097780572985	0.023481081613568787	0.005803060633464737	0.011481025117490544	0.007250512758649595
