kappa	BetaNB_p	binom	NB_p	BetaNB	MCNB	binom_beta	MCNB_p	NB
10.0	0.003604368936475742	0.004396322156909797	0.003678584531183032	0.003592311901241822	0.0037729059159299612	0.0036842229420947386	0.0037729059159299612	0.0036964938590334845
16.0	0.004725748760432246	0.0056700122040537525	0.003353374786247583	0.004725229275042954	0.00333910386737698	0.004713725293255411	0.0035174017252416864	0.0033775934248207753
32.0	0.006364616034177061	0.004684002779592787	0.003911225517002185	0.006371636608543067	0.004111005114137446	0.006511899443132164	0.004111005114137446	0.003764507899212224
64.0	0.008858483916694148	0.0067557273775252285	0.0064699979136964665	0.008866157343242153	0.0066291280177515795	0.008833522781141452	0.0066291280177515795	0.006431942639165687
128.0	0.014699410632059385	0.01169036868631869	0.011577492294486912	0.01468894150479185	0.012241390806071522	0.014904433489875317	0.011951596879732946	0.011209575931385106
256.0	0.01553237140044656	0.016218392187591784	0.01615473871869411	0.015521388685695036	0.016367826334085255	0.015540853828190418	0.016367826334085255	0.016051246312268674
512.0	0.014152854928190323	0.014939601399666595	0.01520531425034923	0.014163191978275046	0.017053544651565226	0.013794785033696777	0.014775337938651172	0.01529344018721883
