bias	BetaNB_p	binom	NB_p	BetaNB	MCNB	binom_beta	MCNB_p	NB
1.0	0.6803378484567133	0.7222065593538828	0.7193334572082624	0.6805788637362273	0.6645892632013506	0.684322638206375	0.6716088215488957	0.7193151078889846
1.1	0.6627687708210208	0.7033867113889792	0.7099133302165697	0.665951518722707	0.6830823928106834	0.6666689713766825	0.6118218803397535	0.7120408417170749
1.2	0.609099995419641	0.6519417201771791	0.6796923001120094	0.6227092671279828	0.6456555850557908	0.6042882954350218	0.4847908308558333	0.6930349009444065
1.3	0.5255876052146767	0.5869799859925116	0.6321946214896735	0.5486171293523819	0.6484904676893577	0.4676321743334448	0.4020814374026793	0.6642766121719896
1.4	0.41987304586300767	0.5221831466325011	0.5713623300370203	0.44791908181963536	0.5830518081368398	0.3297723180945497	0.42316276523961643	0.6281611419915608
1.5	0.3214955630421481	0.4581204555248245	0.5030073679919637	0.3419348699627935	0.5929183079610293	0.29788825843670363	0.40162968356664885	0.5873383064720524
