bad	BetaNB_p	binom	NB_p	BetaNB	MCNB	binom_beta	MCNB_p	NB
1.0	0.942714994660663	0.9502455535441554	0.9492709374728925	0.9429488107355477	0.9488174945307157	0.9390624163714676	0.9484326034980619	0.9486423504794581
1.25	0.5059532937283864	0.4766387903567527	0.5134480510963828	0.4753521986954496	0.5110609397843743	0.4822872993714002	0.5103306809047184	0.5112713170239636
1.5	0.6426978359829961	0.40895900841060584	0.6254703426491122	0.6690456259729994	0.6106604461680554	0.45011780290864517	0.5555952333984825	0.6462350259848997
1.75	0.8008201086492504	0.34280693260984996	0.8265883638383482	0.8268504460060745	0.7626801573656842	0.4192851370073094	0.7505138308252948	0.8484449691437149
2.0	0.8758282532594637	0.2810680199548928	0.8904451611087877	0.8921540592440197	0.8332390800284204	0.34002665617583777	0.8064022791149658	0.9040960209118778
2.25	0.8944206538189945	0.2434139362041361	0.9047880973953479	0.9061096412369251	0.8567594532626608	0.19392206308677862	0.8599566999979971	0.9138862711734321
2.5	0.895954874341977	0.20837322928606836	0.9049242777447668	0.9036896092569725	0.8652738007081968	0.18671756845138596	0.8653981650248174	0.9104886176526505
2.75	0.8910516685147825	0.18252737656704496	0.8997358062943828	0.8962274150504987	0.8196194936096258	0.1883617484063092	0.8193401137549973	0.9026913775939954
3.0	0.8854076973625853	0.16206293588360043	0.8942227771706369	0.889070062044029	0.8198855496375603	0.1862979086423477	0.8401553018852222	0.8961522142886809
