kappa	BetaNB_p	binom	NB_p	BetaNB	MCNB	binom_beta	MCNB_p	NB
16.0	0.003518012467537561	0.00515345007548528	0.0039968140848966665	0.0035295355750578437	0.0033714666543243287	0.003552945087855016	0.0033714666543243287	0.003984602686926581
32.0	0.01032164385301875	0.0055262163437673	0.005293555877747862	0.010416453842309726	0.004536821618957164	0.010351347805010555	0.004536821618957164	0.005195879984750248
64.0	0.006872621341363202	0.006178320474875828	0.005949706658535775	0.006859444405222675	0.010287732257975931	0.006961099028165484	0.004875682928941912	0.006130950139135148
128.0	0.012372827839448096	0.00736467700707137	0.007330266053327165	0.012466727342069734	0.029387241830043844	0.01155192703496072	0.005395905158488068	0.007209418509501865
256.0	0.013628402734853492	0.013423030520971352	0.013433820331614402	0.013117789376394821	0.017263129419959975	0.014814858007041415	0.012113965969881233	0.013856069099482003
512.0	0.015050029836118712	0.016821937898602007	0.01698687243213841	0.01515183571502073	0.05095590181090354	0.014429318940509476	0.02296640216098533	0.018025042846199296
1024.0	0.01584235263684869	0.016247358432763585	0.016106857757643193	0.015258131427133921	0.07259681967754798	0.02046828469948024	0.05654318199795857	0.015261447927827168
