bias	BetaNB_p	binom	NB_p	BetaNB	MCNB	binom_beta	MCNB_p	NB
1.0	0.942714994660663	0.9502455535441554	0.9492709374728925	0.9429488107355477	0.9488174945307157	0.9390624163714676	0.9484326034980619	0.9486423504794581
1.0625	0.9423522990026107	0.9500423752591258	0.9485846092113539	0.9423639335159999	0.9415680810832612	0.9386349801007533	0.913841108890981	0.9473754546747497
1.125	0.9420228279491601	0.9499156960984015	0.9485911514074681	0.9418612354929253	0.9448832315058334	0.938062275108256	0.8385574278176066	0.9461501015113019
1.1875	0.9405786146533675	0.9488361260227849	0.947546866712436	0.9400636635583192	0.9396410071993179	0.9371827018451798	0.707783736678142	0.9432434035901125
1.25	0.9417422857646761	0.9491626472909769	0.9482050799918017	0.9404427002197749	0.9369507386838325	0.9376956939094082	0.5985254317116672	0.9411552075287737
1.3125	0.9417715466255917	0.949425038602925	0.9484220112601512	0.9396696311396537	0.9385363471500074	0.9386880901840646	0.6571680119705399	0.938021619787826
1.375	0.9400070719281267	0.9476853927824094	0.9467115407636296	0.9367991061967255	0.9358748238192106	0.9361805124590928	0.541188463928303	0.9316142084515802
1.4375	0.9379967517262685	0.9458629352275356	0.9446821836647658	0.9347877512261645	0.9242166524488814	0.9343234179311984	0.5660846982526622	0.9268575859097965
1.5	0.937836817144172	0.9453127024982846	0.9446235538152384	0.9335212863805966	0.9244884464480394	0.9339609222437355	0.5366424237425643	0.9217102239415501
