bias	BetaNB_p	binom	NB_p	BetaNB	MCNB	binom_beta	MCNB_p	NB
1.0	0.01851862227461938	0.017071011941459775	0.020362772822765225	0.018395245353846325	0.029554646943624082	0.010165878756738274	0.024865225936834327	0.020124875984304444
1.1	0.014735011549287972	0.018217814410489204	0.018542043479222947	0.015470546414879584	0.020114638195373832	0.00913674644052254	0.04953398040966661	0.016800305574438866
1.2	0.012920130923635592	0.016847137680255565	0.015367423215845047	0.013739090002091734	0.02811919645859826	0.008511265616266413	0.07536283895783168	0.0163040407294164
1.3	0.01154672076051822	0.01639407609615015	0.016076862340875225	0.011600373787743165	0.024902411410504446	0.007289562335824881	0.0491034564258362	0.015634847111178796
1.4	0.008064443907413338	0.01486079516286098	0.01846317338525901	0.00805674639440544	0.036198683866165246	0.005344649681940352	0.04710413458371002	0.01370619046250021
1.5	0.00723570932742274	0.014881467635616484	0.017636207995387808	0.007363818364373613	0.015877456927064968	0.00300784234027856	0.07199394260753178	0.014426471441795577
