bias	BetaNB_p	binom	NB_p	BetaNB	MCNB	binom_beta	MCNB_p	NB
1.1	0.41180000000000005	0.9996499999999999	0.57595	0.33519999999999994	0.48810000000000003	0.5279499999999999	0.4931500000000001	0.5176000000000001
1.2	0.42584999999999995	0.9999500000000001	0.5861	0.32815000000000005	0.5088	0.552	0.52285	0.52745
1.3	0.42885	1.0	0.5763499999999999	0.32899999999999996	0.5055499999999999	0.5820999999999998	0.5108	0.50715
1.5	0.41985	1.0	0.5569	0.3349	0.69575	0.6352	0.71785	0.5911000000000001
