bad	BetaNB_p	binom	NB_p	BetaNB	MCNB	binom_beta	MCNB_p	NB
1.0	0.6544	0.6978	0.7759500000000001	0.6530500000000001	0.6878000000000001	0.5408	0.6989500000000002	0.77385
1.25	0.3316	0.5199	0.36629999999999996	0.47400000000000003	0.32505	0.43039999999999995	0.34835	0.37755
1.5	0.2748	0.64215	0.34365000000000007	0.2562000000000001	0.26109999999999994	0.47430000000000005	0.287	0.3297
1.75	0.28470000000000006	0.9585999999999999	0.4412	0.2657	0.29535	0.4962	0.3257	0.4333
2.0	0.36734999999999995	0.9978499999999999	0.5488000000000002	0.3644	0.4272	0.50835	0.4264	0.5441
2.25	0.413	0.9997499999999999	0.5777	0.41475	0.5425	0.5337499999999998	0.55515	0.5765499999999999
2.5	0.42604999999999993	1.0	0.5851999999999998	0.43479999999999996	0.5911499999999998	0.56545	0.5922499999999999	0.5824999999999999
2.75	0.42799999999999994	1.0	0.5728500000000001	0.4272	0.6533999999999999	0.60175	0.6554499999999999	0.5737500000000001
3.0	0.41985	1.0	0.5569	0.4230499999999999	0.6393000000000001	0.6352	0.6375	0.5651
