r0w	BetaNB_p	binom	NB_p	BetaNB	MCNB	binom_beta	MCNB_p	NB
0.0	0.08575830830830831	0.19491876876876876	0.2903289289289289	0.08545815815815817	0.20812627627627628	0.022652452452452457	0.20757412412412415	0.29322907907907914
0.2	0.08092373345289176	0.18724726550197496	0.27482105060972795	0.08027373345289177	0.15403995538624798	0.026510214924343183	0.1591924584905547	0.2778717013606793
0.4	0.09728563563563565	0.19762042042042044	0.2723948448448449	0.09538473473473476	0.17131026026026025	0.03811281281281281	0.18071286286286287	0.2733953453453454
0.6	0.09605342025392126	0.19451570377993224	0.263959063773192	0.09515281955301995	0.1424828096633708	0.041873129241465926	0.15424072027939761	0.2624078618698859
0.8	0.1044510998950758	0.18985446711772014	0.2605950028341595	0.10330104984502575	0.13882314965567982	0.04397199307741477	0.14708162861656837	0.2587439011300457
1.0	0.1045152868299161	0.1870198566301773	0.2551118108088048	0.1041146861290148	0.13118150615545404	0.047778589711956455	0.14373931606957654	0.25376075945685167
