kappa	BetaNB_p	binom	NB_p	BetaNB	MCNB	binom_beta	MCNB_p	NB
16.0	0.14067048092733989	0.7716010588492122	0.778471703529593	0.14203601492576687	0.8051606283522738	0.09235111892720023	0.8051606283522738	0.8185529866740555
32.0	0.13112581229430656	0.6961208957784092	0.7163861902524352	0.13223490468828297	0.7422985919501458	0.08575164215333672	0.7422985919501458	0.7510199170818718
64.0	0.12122474915193322	0.6158078182589648	0.6428516942446526	0.12162736221847684	0.5582648460690918	0.0773177278086981	0.6579559395702448	0.6688396848713278
128.0	0.09628268706138209	0.5336094044512933	0.567541413826632	0.09758624915802679	0.4489447653319109	0.06154917821535618	0.569654163624323	0.5858371139247325
256.0	0.07995474485758051	0.4430884178135157	0.49392102157493845	0.0801541435539696	0.1990315177573378	0.04508110537437375	0.4913674128514719	0.5082305858522528
512.0	0.06652908780524011	0.34944107664779006	0.41526796064601673	0.06762903735398726	0.1275117247508029	0.03601567078100145	0.4382834300232095	0.42987366765563156
1024.0	0.05691976976976977	0.28845205205205204	0.35787557557557553	0.05532017017017017	0.23852142142142146	0.026460010010010016	0.28079589589589593	0.3696799799799799
