bias	BetaNB_p	binom	NB_p	BetaNB	MCNB	binom_beta	MCNB_p	NB
1.1	0.01603932666915914	0.00047696960070847325	0.018339779169880964	0.01716566340110396	0.05384691263201634	0.014217858488534775	0.06695616103093129	0.01526564770980912
1.2	0.013788672887555212	0.00021794494717703385	0.015584928617096698	0.011731474758102664	0.03206805263810076	0.015122830422906927	0.042142941283209	0.015256064367981673
1.3	0.017312639891131562	0.0	0.019391428518806944	0.01051189802081432	0.032422947120827876	0.01490603904462884	0.02767417568781409	0.01566931715168215
1.5	0.02332439709831746	0.0	0.022178593282712922	0.015329383549249455	0.0694844407043764	0.011165124271587853	0.04572884756912206	0.011076551810017422
