bias	BetaNB_p	binom	NB_p	BetaNB	MCNB	binom_beta	MCNB_p	NB
1.0	0.019895728184713427	0.02065090797035325	0.017613843987046112	0.02003615482072347	0.01780056178888742	0.018446137807140005	0.018570070005253052	0.017805266074956604
1.0625	0.019385561637466166	0.02070652071208486	0.016989629189596827	0.019324272301952276	0.01656170281100344	0.02536513354981595	0.06909819100381716	0.016189811611010192
1.125	0.020174241001832	0.020160047122960774	0.01883746267415015	0.01868762959821281	0.01804272706660496	0.0227690030523956	0.1613711482886578	0.018482085921237356
1.1875	0.015679524865250222	0.01570437837037809	0.015342343367295636	0.01547344499457055	0.016218816233005404	0.015950783679807085	0.1756232900272626	0.0159015722493092
1.25	0.016992351220475654	0.019457646311925782	0.017482777239329013	0.01856475154695049	0.021392697352133953	0.021034436051389646	0.14965836929487103	0.01778559810633313
1.3125	0.01729009832245035	0.0176535407213397	0.01383799118369427	0.016016475892030695	0.0169713729556568	0.02058949975108671	0.17980752904147254	0.015049501652878754
1.375	0.018919302312717563	0.01555401877329454	0.013701368544784142	0.01670508904495874	0.01669101554729367	0.02192595493929514	0.11251589887655879	0.01126454615153226
1.4375	0.017093492913971692	0.01908998428495946	0.018741398026828216	0.0183510217699179	0.017343226343446004	0.02364423819876632	0.13809800867499866	0.01618293854650633
1.5	0.01588395416764983	0.013933682212538065	0.016744849954538274	0.016697305171793454	0.016758505303278073	0.01808943061569381	0.09551673937064643	0.013755998691480031
