bias	BetaNB_p	binom	NB_p	BetaNB	MCNB	binom_beta	MCNB_p	NB
1.0	0.08575830830830831	0.19491876876876876	0.2903289289289289	0.08545815815815817	0.20812627627627628	0.022652452452452457	0.20757412412412415	0.29322907907907914
1.1	0.07270615615615615	0.20121941941941945	0.28602862862862866	0.07245645645645647	0.1943182182182182	0.019502352352352356	0.11360890890890891	0.29557887887887885
1.2	0.049507457457457466	0.2105314814814815	0.2876418418418419	0.04660740740740741	0.23037992992992992	0.015852302302302303	0.11452202202202202	0.2977421421421422
1.3	0.03185400400400401	0.22642292292292296	0.2924782282282282	0.029103703703703708	0.20137037037037037	0.011851301301301303	0.10281476476476477	0.30742992992992996
1.4	0.023152352352352357	0.24572422422422419	0.2991791791791792	0.022102602602602606	0.24117237237237243	0.007501151151151152	0.08061351351351351	0.3234810810810811
1.5	0.015401951951951954	0.26468878878878876	0.3075944444444444	0.01530205205205205	0.24288463463463464	0.003550350350350351	0.11297817817817819	0.3412994494494494
