bad	BetaNB_p	binom	NB_p	BetaNB	MCNB	binom_beta	MCNB_p	NB
1.0	0.019895728184713427	0.02065090797035325	0.017613843987046112	0.02003615482072347	0.01780056178888742	0.018446137807140005	0.018570070005253052	0.017805266074956604
1.25	0.026809326735298667	0.015417198189035529	0.01905019684937665	0.017902513789968152	0.023768624276554167	0.019003683853400642	0.02026888008746413	0.01919498632455883
1.5	0.02057571383937869	0.015140260896034798	0.01749935713104912	0.022037694979284924	0.037668156312726526	0.01470748108956798	0.032551497661398	0.01839592346146287
1.75	0.012337341690980264	0.00793347338811949	0.014413882197381805	0.01661053882328927	0.04946440639490179	0.011043550153822829	0.033457585089184186	0.01420950386185246
2.0	0.02006308799761394	0.0011079259903080177	0.01552288632954579	0.021338697242334174	0.06605043527487159	0.014893874579839875	0.07459249291986426	0.017366346766087545
2.25	0.015211837495845131	0.0004330127018922197	0.015303921066184296	0.015549517677407228	0.038445415851568035	0.015472152403592723	0.025848162410508004	0.01435435473993866
2.5	0.01647869837092724	0.0	0.016089126763127945	0.01694284509756258	0.016365436138398515	0.011486840296617657	0.015316249540928747	0.015021651041080672
2.75	0.019892209530366415	0.0	0.017655806410356883	0.018946239732464065	0.016060510577189022	0.015980847912423185	0.015014909257135068	0.01874533275244799
3.0	0.02332439709831746	0.0	0.022178593282712922	0.018596975560558227	0.027481084403640273	0.011165124271587853	0.023529768379650498	0.01877738000893625
