r0w	BetaNB_p	binom	NB_p	BetaNB	MCNB	binom_beta	MCNB_p	NB
0.0	0.01851862227461938	0.017071011941459775	0.020362772822765225	0.018395245353846325	0.029554646943624082	0.010165878756738274	0.024865225936834327	0.020124875984304444
0.2	0.01747494002591974	0.016977015517575546	0.01266318398785462	0.0178241937376772	0.01805951147545419	0.011815181073597907	0.018898801169047966	0.012921828717595975
0.4	0.019677385846587885	0.023021230684030607	0.02029393707903801	0.02004043169729198	0.023017929857227167	0.011468540453031742	0.02312769895937232	0.020286047875339414
0.6	0.015412833351291394	0.015590447052725089	0.015023419972765099	0.01557384809873496	0.014736870687593051	0.010685046988102563	0.015258083272687744	0.015411065675995626
0.8	0.017326466965458264	0.019733218932271472	0.018628403415131622	0.016611944197217343	0.0205073303701994	0.009555722778420678	0.020069330898206846	0.01804744271131712
1.0	0.013989251676258908	0.01597342206231506	0.01665284158504	0.01435047234911782	0.01725708610186815	0.015091641580822768	0.018376699566771106	0.01660469082502842
