kappa	BetaNB_p	binom	NB_p	BetaNB	MCNB	binom_beta	MCNB_p	NB
10.0	0.625864642397909	0.9013506808411618	0.867183806552043	0.6177634400934	0.9395683549280743	0.5541805946226789	0.9395683549280743	0.8673848581045975
16.0	0.6085039899478215	0.8753184311191833	0.8557136202903003	0.6067539395965674	0.9638847597848601	0.5545918127254637	0.9206803062340174	0.8667185318216915
32.0	0.6124412521740178	0.8369766619324736	0.8305259606299685	0.6122912020236672	0.8897846750558174	0.5632350418554827	0.8897846750558174	0.8451273624325728
64.0	0.6399999999999999	0.8020500000000002	0.8074999999999999	0.64015	0.86425	0.5925	0.86425	0.81945
128.0	0.6856500000000001	0.79705	0.8111	0.6857	0.86295	0.63805	0.8624499999999999	0.8173000000000001
256.0	0.7594000000000001	0.8333999999999999	0.8554499999999999	0.75905	0.89815	0.7054499999999999	0.89815	0.8591000000000001
512.0	0.8185499999999999	0.8665499999999998	0.8969000000000001	0.8181499999999999	0.9320999999999999	0.7524	0.9359	0.8990999999999998
