r0w	BetaNB_p	binom	NB_p	BetaNB	MCNB	binom_beta	MCNB_p	NB
0.0	0.0968622192887939	0.472198125166008	0.5185496257910603	0.09811352219671728	0.23272002647447576	0.0598701398185944	0.5181506284980789	0.5358698643759668
0.2	0.10649639348475859	0.476491846711305	0.5194496839868956	0.10824920080562006	0.2363174374976782	0.06639006072270867	0.5179012922149833	0.5360206320161686
0.4	0.10732790369816089	0.47749972803744667	0.516530999272336	0.10732775465827704	0.5206862520046779	0.07165268406223145	0.5206862520046779	0.531612293100611
0.6	0.11385728828465869	0.4910289283412649	0.5206950432998099	0.11400683531791889	0.5224500662246687	0.07481729804099493	0.5224500662246687	0.530715809160501
0.8	0.11685450333244415	0.499870691700274	0.5240918370357204	0.11730636364437089	0.5314275489371021	0.07402736032848727	0.5314275489371021	0.5359795775226066
1.0	0.11248197865322733	0.5067665113575271	0.527570613578378	0.11293253182918361	0.5359889531879849	0.07629105172807524	0.5359889531879849	0.5398512756194562
