r0noise	BetaNB_p	binom	NB_p	BetaNB	MCNB	binom_beta	MCNB_p	NB
2.0	0.88355	0.9166000000000002	0.9186	0.8832000000000001	0.9245500000000002	0.8753500000000001	0.9270000000000002	0.91715
4.0	0.811121021021021	0.832975025025025	0.851877977977978	0.810970970970971	0.8846820320320321	0.7820167167167169	0.8846820320320321	0.8508777777777776
6.0	0.7546761261261262	0.7660294794794794	0.7997893893893895	0.754576076076076	0.8396518018018018	0.7129136136136136	0.8396518018018018	0.7991892892892893
8.0	0.7086052188461006	0.7093043167415912	0.7552791569124235	0.7085051687960505	0.7971470848604116	0.6603294772728641	0.7971470848604116	0.7549788563112211
10.0	0.6719173273430615	0.6642106656668428	0.7171562012167242	0.670313114906051	0.767601136467209	0.6115163358353157	0.767601136467209	0.7172563015177275
12.0	0.639015469467735	0.6261489295515549	0.6841771088399534	0.638915419417685	0.7405506748888265	0.5768316769393982	0.7405506748888265	0.6845272589907083
