r0noise	BetaNB_p	binom	NB_p	BetaNB	MCNB	binom_beta	MCNB_p	NB
2.0	0.008714786285388767	0.009398936110007352	0.009614572273377529	0.008726969691708579	0.018334325730716125	0.00924269982202171	0.01785497129653249	0.009264313250317055
4.0	0.012100605856299764	0.012105015200408112	0.01172587672046497	0.012178313069021679	0.01063067637436928	0.014180316289447418	0.01063067637436928	0.011929636118071723
6.0	0.01039071356728914	0.010732464976445852	0.010110040557149823	0.010301221192215222	0.010181507371165924	0.01088235578904546	0.010181507371165924	0.010447177143469131
8.0	0.012349961376333709	0.0120257230769335	0.011168764915742488	0.01247653003353208	0.010178772615062559	0.014650095478164659	0.010178772615062559	0.01130356552914605
10.0	0.018813283534938125	0.017309926759162948	0.01794884936865136	0.019548648090215694	0.01467570204315036	0.01577049009804571	0.01467570204315036	0.01777501866024916
12.0	0.018721742144774896	0.01755319320947911	0.01615423926487217	0.018660835391568008	0.01711086921394282	0.017125468073257252	0.01711086921394282	0.016382350116696313
