kappa	BetaNB_p	binom	NB_p	BetaNB	MCNB	binom_beta	MCNB_p	NB
16.0	0.010026645102213128	0.010582065392697508	0.011188005362919489	0.009754802403601041	0.011481301625976579	0.009145611829722868	0.011481301625976579	0.008545538557024192
32.0	0.016660228641104446	0.013351625274231045	0.013040917300576778	0.016905139760303972	0.01358080079747469	0.011604980723581971	0.01358080079747469	0.013387130571176808
64.0	0.00867360836295432	0.011936714627150331	0.012684300773274775	0.007592562736034479	0.05690583570998475	0.008877725994680601	0.010380662008521323	0.014091464274730693
128.0	0.010586184277032834	0.015042851402548093	0.012953494514638543	0.011292120366134249	0.0795086688374482	0.01016153927184315	0.014945665819987224	0.014241578297596697
256.0	0.013317378427241488	0.018866327656890055	0.018492028116375372	0.01341658848561777	0.017593371862523896	0.0108790654243639	0.015503813721867531	0.01782245748715343
512.0	0.010149095358829362	0.015528348980852605	0.019144720002529057	0.008590296689722752	0.08801506739543091	0.008675568059826286	0.0702976563859405	0.015737672842085635
1024.0	0.01137673697884976	0.019389566510462208	0.017324150471608592	0.011527031807000312	0.11994639093173413	0.008691939831461644	0.1701092255124639	0.016229091451627282
