samples	BetaNB_p	binom	NB_p	BetaNB	MCNB	binom_beta	MCNB_p	NB
1.0	0.008362285630174163	0.006946223239642446	0.007715397452957857	0.008415200941127661	0.002114402027132101	0.0016782305933689113	0.0031514533053610652	0.008208135568899929
2.0	0.011771301926354047	0.01166448007558865	0.013299768328664845	0.011623454637627897	0.007132161852555143	0.004621038665805982	0.00802625019894837	0.012991962263202157
4.0	0.019543090169032343	0.020370686113240388	0.017715375200966582	0.019683813878385237	0.016222488154166	0.013878344827801125	0.018326595930632357	0.01841982454838183
8.0	0.015812890311388366	0.01800416618452515	0.017105262348178114	0.015780605184846367	0.017545583489870027	0.01824630099499621	0.017515992692393966	0.01749314151317597
16.0	0.010846543228144172	0.010641780866001715	0.009243376006633061	0.010765686229869427	0.010617320754314614	0.013548431643551927	0.010874166634735725	0.009677163840712823
25.0	0.004319722213291039	0.0022907422377910634	0.001596088969951238	0.00433445498303997	0.0025154522456210557	0.004978704650810293	0.002363789330714565	0.0013219304066402295
32.0	0.002059126028197402	0.0009937303457175904	0.0006982120021884477	0.0020560885194952105	0.0005361902647381809	0.004887739763939979	0.0006244997998398404	0.0006982120021884477
48.0	0.00030000000000000024	0.0	0.0	0.00030000000000000024	0.0	0.0011224972160321835	0.0	0.0
64.0	0.0	0.0	0.0	0.0	0.0	0.0	0.0	0.0
