samples	BetaNB_p	binom	NB_p	BetaNB	MCNB	binom_beta	MCNB_p	NB
1.0	0.01589934371727545	0.012350129143130733	0.020932165147707606	0.016430876692239894	0.0038537831864435762	0.0011865905034503296	0.00468321798092112	0.019873812343153507
2.0	0.04046045401300293	0.035898253637129916	0.06253438663769227	0.040102519612467934	0.014486085150935153	0.00573500259681759	0.017867986347736987	0.05930547086664317
4.0	0.18245454001095282	0.18585564071085114	0.26017948138519276	0.18140433971045195	0.1305890638133123	0.09622889713360658	0.14109106711922342	0.253976826425624
8.0	0.5380499999999999	0.5725	0.6599000000000002	0.53635	0.54845	0.42085	0.5603	0.6563
16.0	0.8815500000000001	0.9179499999999999	0.9473999999999998	0.881	0.9251499999999998	0.8061999999999999	0.9275499999999999	0.9475499999999997
25.0	0.9757999999999999	0.9904499999999998	0.9954500000000002	0.9757499999999999	0.9931499999999998	0.94725	0.9927499999999998	0.9955500000000003
32.0	0.9935999999999998	0.99825	0.99925	0.9936499999999999	0.99925	0.9821	0.9991	0.99925
48.0	0.9999	1.0	1.0	0.9999	1.0	0.9987999999999999	1.0	1.0
64.0	1.0	1.0	1.0	1.0	1.0	1.0	1.0	1.0
