kappa	BetaNB_p	binom	NB_p	BetaNB	MCNB	binom_beta	MCNB_p	NB
10.0	0.028644270872293265	0.00907590574831347	0.009763293559035099	0.0176948169030295	0.006529993097053135	0.015284599129599051	0.006529993097053135	0.010311874428611806
16.0	0.01427224064964612	0.011930063961781898	0.012102422436033546	0.014372947233231017	0.014093168187002045	0.017456125398261052	0.008287913926890164	0.011199239683280572
32.0	0.015106177074461505	0.011601245144648586	0.01332771585891978	0.014778214572160801	0.011051354841522075	0.016012064614623477	0.011051354841522075	0.011655249944471705
64.0	0.01747283606058274	0.016094952624969086	0.014850925897061069	0.017467899129546192	0.0134122145822381	0.018437733049374586	0.0134122145822381	0.014931426589579416
128.0	0.016334855371260528	0.0129401506946403	0.011121600604229558	0.016340440630533772	0.010297936686540669	0.01659661109986013	0.008691806486571139	0.010932062934323031
256.0	0.015127458477880558	0.015054567413247046	0.01319270631826542	0.015242949189707365	0.011663082782866638	0.014984909075466546	0.011663082782866638	0.012696062381699307
512.0	0.009718410363840349	0.008089962917096722	0.009202716990106788	0.009414217970707897	0.013545848072379942	0.014894294209528706	0.007422263805605362	0.008619164692706604
