r0w	BetaNB_p	binom	NB_p	BetaNB	MCNB	binom_beta	MCNB_p	NB
0.0	0.01048221731853635	0.01437175717848066	0.01180196669366036	0.009513922341142914	0.014725636682273632	0.009191314028923212	0.01351068469216013	0.01296095766164652
0.2	0.01225121329095083	0.01661895238880025	0.01711931755589422	0.012524966406979378	0.014740861740590316	0.010710488402128704	0.01671546160633864	0.015913954279713653
0.4	0.011958594181552132	0.0177125949953522	0.014271703146894488	0.012424512367991736	0.015443526269668734	0.010290014093839216	0.015443526269668734	0.0166476611543658
0.6	0.012887370103520871	0.018920825357995327	0.018584825408879655	0.01351059375044453	0.015888451957345714	0.0105767584136395	0.015888451957345714	0.01921777971398454
0.8	0.01176856596736929	0.011703896580898711	0.012684256508367608	0.010281871419238194	0.01956933734957196	0.009383224578642099	0.01956933734957196	0.01092007287573726
1.0	0.010785318901062883	0.017625660138207374	0.01625348100534417	0.010954143386352047	0.016505027567255325	0.008749849812630802	0.016505027567255325	0.015376662372591705
