bias	BetaNB_p	binom	NB_p	BetaNB	MCNB	binom_beta	MCNB_p	NB
1.0	0.0001265203692095588	0.0002467764878939497	0.00045095909381079476	0.0001265203692095588	0.001461801911529252	3.0009004569154473e-05	0.0007326400862283426	0.00047598821172949754
1.1	0.00013885876758820586	0.00023693646443280177	0.0003548805172426592	0.00014589129333049042	0.0006660213780887107	2.1796674385148012e-05	0.00014699170910765282	0.0004886079334836566
1.2	8.719530499554524e-05	0.0003624013583150633	0.0005082486876319963	0.00011081609559098132	0.0009444968407831446	2.1796674385148012e-05	0.0017007238742633936	0.0004936509367653754
1.3	6.6341845218211e-05	0.0005091049700979051	0.0007213085579115608	5.7236749003478955e-05	0.00019968696045877834	3.000300030003844e-05	0.00041873058993976774	0.0005613230273901823
1.4	5.916925203347154e-05	0.0009543475625560428	0.001146691847732697	5.7236748802392425e-05	0.0049308708351579605	3.0004500791821365e-05	0.0010227422581088332	0.0008567873760908152
1.5	4.583186803993141e-05	0.001443153693840859	0.0017764339010133633	5.72384966914489e-05	0.0005766404632931463	2.1796674385148012e-05	0.004115921988712925	0.0012510977497356733
