r0w	BetaNB_p	binom	NB_p	BetaNB	MCNB	binom_beta	MCNB_p	NB
0.0	0.0001265203692095588	0.0002467764878939497	0.00045095909381079476	0.0001265203692095588	0.001461801911529252	3.0009004569154473e-05	0.0007326400862283426	0.00047598821172949754
0.2	0.00011082189683093212	0.0002012402892994275	0.00026448991299904705	0.00011082189683093212	0.0001740323717803376	0.0	0.000178648784737917	0.00029352723447664456
0.4	7.68279979936776e-05	0.00015973544257023945	0.00026914944324335505	6.227099271013656e-05	0.0004018952110602334	3.572500502366899e-05	0.000504596224853822	0.00025595288758217187
0.6	7.814997028924824e-05	0.00016399906098111278	0.0003410830883724222	7.814997028924824e-05	0.00023867546996411722	4.773935252564675e-05	0.00018690341361766934	0.0003400905383588503
0.8	8.949306276069226e-05	0.00022879901182237114	0.0003920438023058967	7.925642350757433e-05	0.00018791765176016096	3.572738778861134e-05	0.00016864076381115995	0.0003877027360387668
1.0	6.695118021027883e-05	0.00013575182854633813	0.00024189219973883025	6.695118021027883e-05	8.894426655653668e-05	3.0025527424706737e-05	0.00010446877070055682	0.00023745926882302168
