kappa	BetaNB_p	binom	NB_p	BetaNB	MCNB	binom_beta	MCNB_p	NB
16.0	0.9062330560740512	0.2541564162395239	0.24496006922398755	0.9048427507355031	0.21397160261267856	0.9431457293434532	0.21397160261267856	0.19790240845165286
32.0	0.9381003054338757	0.36973865066362677	0.34671469882479283	0.9372890383781547	0.31031779802667525	0.9639969673951205	0.31031779802667525	0.3009681659962842
64.0	0.9681952745436944	0.5433024406227136	0.5130684576958626	0.9679241633250163	0.5892949582652658	0.9828979215542759	0.44218969669861574	0.47364843887893054
128.0	0.9901400254759396	0.7426877611525519	0.7120352343862979	0.9902050844531857	0.761723562761333	0.9951101039459557	0.5735096704070627	0.6881870164070267
256.0	0.9971675871322374	0.9014857442778462	0.8769248217937278	0.9973077252904361	0.9832757295049896	0.9988390491095627	0.6642129950286699	0.8659704013932211
512.0	0.9992647608769248	0.974250233332425	0.9610902526969284	0.9992547598785266	0.9854604880025054	0.9996649119585752	0.7408040383347202	0.9579739935168645
1024.0	0.9996499164729397	0.9928330462876961	0.987521595754966	0.9996999254748398	0.9834511674183724	0.9999199829953985	0.9180670854745179	0.9872465057248544
