r0w	BetaNB_p	binom	NB_p	BetaNB	MCNB	binom_beta	MCNB_p	NB
0.0	0.9998999784934476	0.9996749404849451	0.9987847914495335	0.9998999784934476	0.9986997489277727	0.9999899969986995	0.9990048069462805	0.9987547879490835
0.2	0.9999149769924971	0.9996549159725889	0.9988897324115136	0.9999149769924971	0.9997349419818926	1.0	0.9996899289776909	0.9988697294105131
0.4	0.9999099729902963	0.9997499139644834	0.9991596983744925	0.9999249744904463	0.9995398339307684	0.9999849924961481	0.9994448134289199	0.9991546958732418
0.6	0.9999299564702279	0.999674825391175	0.9990644881682098	0.9999299564702279	0.9997898759183418	0.9999849879891898	0.9997898829254475	0.9990794971748155
0.8	0.999899935454515	0.9996847963505269	0.9991544921399583	0.9999149474645236	0.9997648614031724	0.9999849914951472	0.999759849391262	0.9991695031486655
1.0	0.9999549649697712	0.999739795825138	0.999259427514453	0.9999549649697712	0.9999099364516104	0.9999899914915407	0.9998899254456072	0.9992844430247102
