bias	BetaNB_p	binom	NB_p	BetaNB	MCNB	binom_beta	MCNB_p	NB
1.0	0.00024000000000001936	0.0002815581645060277	0.0004684015371452193	0.0002547547840571596	0.00021277922830953845	0.00012359207094306913	0.00026381811916544696	0.00041985116410461727
1.0625	0.00022907422377911908	0.000242693221990248	0.00037983549070616637	0.00021587033144924384	0.0005712048669260497	0.00017284386017441702	0.00045044422518221655	0.00038457769046058426
1.125	0.00018834808201838768	0.00023895606290696986	0.0004620606020859248	0.00019045996954742672	0.00040669398815325753	0.00015684387141356394	0.005249311859663122	0.00045177427992306704
1.1875	0.00023043437243606705	0.00029811910371527894	0.0004800000000000107	0.0002576819745345073	0.0012970736293672776	0.0001061838029079648	0.0003513900966162875	0.00052561868307739
1.25	0.0002761792895928404	0.00024103941586387962	0.0004868264577855313	0.0002923610781208702	0.0009202716990106918	0.00015451537140362807	0.000563560112144227	0.0005731273854912244
1.3125	0.00020639767440551246	0.00027436289836637657	0.0005165994579942911	0.0002597595041572162	0.00038678159211627593	0.0001268857754044812	0.0007630694594858452	0.0006033241251599396
1.375	0.0002449489742783339	0.00020365411854418228	0.00058333095237609	0.0002874021572640041	0.0004437341546466707	0.0001061838029079648	0.00026532998322844795	0.000747980614722056
1.4375	0.00033481338085565625	0.0003513900966162926	0.0004097255178775213	0.0003018277654557281	0.000761839878189635	0.00020371548787463572	0.00045921128034927044	0.0004989989979949889
1.5	0.00023345235059856953	0.0002598076211353361	0.0004126439142892944	0.00023685438564652282	0.000554887375960208	0.00015771810295587088	0.0005082076347320977	0.0006244197306299722
