samples	BetaNB_p	binom	NB_p	BetaNB	MCNB	binom_beta	MCNB_p	NB
1.0	0.999985	1.0	0.9999600000000001	0.999985	1.0	1.0	1.0	0.99997
2.0	0.9999399999999999	0.999985	0.9998549999999999	0.9999499999999999	0.999985	1.0	0.99999	0.9998650000000001
4.0	0.9997700000000002	0.9998549999999999	0.99936	0.9997700000000002	0.9999	0.9999800000000001	0.9999	0.999405
8.0	0.9994350000000001	0.999485	0.998245	0.99946	0.9994350000000003	0.99985	0.9993299999999999	0.9982750000000001
16.0	0.99942	0.999115	0.9973400000000001	0.9994249999999999	0.998875	0.9998150000000001	0.99879	0.9972300000000003
25.0	0.99964	0.9990300000000001	0.9972350000000002	0.99964	0.998035	0.9998800000000001	0.9986899999999999	0.9970549999999999
32.0	0.9997200000000002	0.99902	0.9972799999999999	0.9997250000000001	0.998235	0.9998950000000001	0.9986050000000001	0.9970100000000001
48.0	0.9998150000000001	0.998985	0.9973099999999999	0.99982	0.9982300000000001	0.999945	0.9981249999999999	0.99687
64.0	0.9998800000000001	0.998985	0.997355	0.9998800000000001	0.9986700000000001	0.99996	0.9978999999999999	0.9967599999999999
