bad	BetaNB_p	binom	NB_p	BetaNB	MCNB	binom_beta	MCNB_p	NB
1.0	0.99938	0.9992849999999999	0.9978400000000001	0.9994099999999999	0.9992149999999999	0.999835	0.9990799999999999	0.997865
1.25	0.99735	0.275115	0.999045	0.9010349999999999	0.9995950000000002	0.9818200000000001	0.99932	0.9987000000000001
1.5	0.99986	0.0057549999999999876	0.9994299999999999	0.9999	0.999835	0.831715	0.999765	0.9996250000000002
1.75	0.9998850000000001	0.00012999999999999123	0.9993550000000001	0.9999500000000001	0.9993399999999999	0.41009	0.9992849999999999	0.9995900000000002
2.0	0.9998400000000001	4.999999999999449e-06	0.9991750000000001	0.9999399999999999	0.9988049999999999	0.22110499999999997	0.9986999999999998	0.9994149999999999
2.25	0.9997200000000002	0.0	0.99901	0.999835	0.9975300000000002	0.140135	0.997285	0.999185
2.5	0.9997600000000002	0.0	0.9989749999999997	0.9998250000000001	0.99656	0.09851999999999998	0.9965400000000001	0.999115
2.75	0.9996750000000002	0.0	0.9988199999999999	0.9997300000000001	0.98669	0.07598	0.9864849999999998	0.9989249999999998
3.0	0.999665	0.0	0.9989099999999999	0.999735	0.9879899999999999	0.06310500000000001	0.9913149999999998	0.9989649999999999
