bias	BetaNB_p	binom	NB_p	BetaNB	MCNB	binom_beta	MCNB_p	NB
1.1	0.00011999999999998678	0.0	0.00041288618286400286	0.00046840153714522903	0.020320959623009942	0.007653383238803605	0.01836987955866886	0.0010799421280790972
1.2	0.00013928388277182585	0.0	0.0004080134801694667	0.0009749871794028953	0.14888712931277842	0.003859517456884994	0.06799830053023385	0.006222095708039226
1.3	0.00014239030865897996	0.0	0.0001920937271229643	0.001803018302735731	0.1926932793327261	0.0037926079417730536	0.1843217032120743	0.003927196837440155
1.5	0.0001681517172080101	0.0	0.00035482389998419577	0.007113640066801239	0.07758281559082526	0.003188491022411692	0.05947703422330336	0.003438618908806261
