kappa	BetaNB_p	binom	NB_p	BetaNB	MCNB	binom_beta	MCNB_p	NB
16.0	0.0037194503961569024	0.004491643557192545	0.004043809918240324	0.0038762796412880568	0.005084754800871873	0.002407031334615127	0.005084754800871873	0.0039728256023658015
32.0	0.0033847793873373936	0.004681996922686999	0.005459465065238225	0.0032677615701229407	0.003710357127158397	0.0029103623604772844	0.003710357127158397	0.005724481715583893
64.0	0.0017883003229347708	0.003544130313913046	0.004044672094403487	0.0018524474623650802	0.07912793726850602	0.0020114410515285892	0.0053099111363011774	0.0040290309577363384
128.0	0.0012995720234932286	0.0053333481209252446	0.0054484170476843535	0.0013618309860095874	0.09510234964118952	0.0009962025331016137	0.00625101114181883	0.006580334438284726
256.0	0.000737538114967997	0.0029597559181112837	0.0033567874534936163	0.0006734522069753568	0.0016129703278587662	0.00044453528578238346	0.005858015893286143	0.0031093284174480546
512.0	0.0004053580166938419	0.0022601756659189932	0.0026026505239239344	0.00040434789773197095	0.055669217855395865	0.0002885911338948303	0.05812885517682011	0.002997024662279699
1024.0	0.000267437204762527	0.0010131507375239612	0.0014356772535344291	0.00023242678393310998	0.04268489489791393	0.00014002600710582392	0.10179727769398039	0.0014608136896648157
