r0noise	BetaNB_p	binom	NB_p	BetaNB	MCNB	binom_beta	MCNB_p	NB
2.0	0.0001749285568453664	0.0005721887800368003	0.0005477225575051707	0.000178535710713578	0.0008640023148117081	0.00013518505834594286	0.0007952986860293461	0.0005503408035027038
4.0	0.00030562071388705455	0.00051988468763069	0.0005169488948037216	0.00030562071388705455	0.0007637543802781024	0.00014449446558286686	0.0007637543802781024	0.0005552621119384577
6.0	0.00018843554015626158	0.0003840360570414838	0.00047491476833551826	0.00019113681653583461	0.0008323378257493406	9.801134570623776e-05	0.0008323378257493406	0.0005701769032539259
8.0	0.00021807075592833285	0.00047180427493045295	0.0005869758310369739	0.00021807075592833285	0.000851844084374804	8.051252760621717e-05	0.000851844084374804	0.0005978703811143168
10.0	0.0002522984035265817	0.00034838575702221715	0.000581683217897139	0.0002587089920944062	0.0008804513865281719	8.893052409440986e-05	0.0008804513865281719	0.0006040466796356506
12.0	0.0002818222688012725	0.00021719256936301366	0.0005557825462121464	0.0002818222688012725	0.0009414917596245008	7.928440008365468e-05	0.0009414917596245008	0.0006445839118053705
