r0noise	BetaNB_p	binom	NB_p	BetaNB	MCNB	binom_beta	MCNB_p	NB
2.0	0.9996200000000002	0.9983600000000001	0.9967	0.9996250000000002	0.9976500000000001	0.9997850000000001	0.9975500000000002	0.996425
4.0	0.9994399534929487	0.9984648639774955	0.9968146994484389	0.9994399534929487	0.9952645369179823	0.9997749809974994	0.9952645369179823	0.9963596569405873
6.0	0.9994548079159596	0.9985595267949006	0.9967539440514365	0.9994498064155094	0.9936929371236829	0.9998799554802404	0.9936929371236829	0.9963087904854551
8.0	0.9995497598562059	0.9988043996538771	0.9972585766523873	0.9995497598562059	0.9924459279921306	0.9998949459690811	0.9924459279921306	0.9968333440091397
10.0	0.999379555650402	0.9989342148588818	0.9971678567174532	0.9993745536497018	0.9911882373374201	0.9998899214381973	0.9911882373374201	0.9968776270224284
12.0	0.999464472941521	0.9990690870422354	0.997452509877913	0.999464472941521	0.9901251524533295	0.9999149199191137	0.9901251524533295	0.9971221795226072
