r0w	BetaNB_p	binom	NB_p	BetaNB	MCNB	binom_beta	MCNB_p	NB
0.0	0.0011540733312174962	0.003258065111252802	0.0032251573832738625	0.0011020205967306304	0.0022616598098965765	0.0008901061174766827	0.006958052848766525	0.004662228378427829
0.2	0.001482687111806203	0.005024124875013818	0.005254731670583101	0.0014365279157686306	0.002861138476436879	0.00043935060027403244	0.005431505935934874	0.005292066677350557
0.4	0.0009438987701134038	0.003354630782683411	0.0032738850479419666	0.00084503643677683	0.004821226170647308	0.0007328641286038817	0.004821226170647308	0.0041727184538367205
0.6	0.0012509977616183899	0.004470968459346411	0.004582260407247597	0.0013402979297371372	0.006881811091699325	0.0006520785213456771	0.006881811091699325	0.005432303127661748
0.8	0.0012943326721823283	0.003875918378356056	0.003830649200265769	0.0012456826936453344	0.006255363001458697	0.0007634380945774833	0.006255363001458697	0.005342208429912121
1.0	0.0009733611384570995	0.003990789874620785	0.003968968084246632	0.0009376153937116837	0.005752860569443017	0.0006871082954830942	0.005752860569443017	0.005054884516436655
