bias	BetaNB_p	binom	NB_p	BetaNB	MCNB	binom_beta	MCNB_p	NB
1.0	0.99938	0.9992849999999999	0.9978400000000001	0.9994099999999999	0.9992149999999999	0.999835	0.9990799999999999	0.997865
1.0625	0.999305	0.99929	0.9977350000000001	0.99932	0.9986649999999997	0.9997750000000002	0.9988900000000001	0.9976900000000001
1.125	0.999305	0.9992300000000001	0.9977500000000001	0.999315	0.9988400000000001	0.99982	0.9981350000000002	0.9975299999999999
1.1875	0.9992699999999999	0.999225	0.9977400000000001	0.99924	0.9980600000000001	0.9997850000000001	0.9993450000000001	0.997465
1.25	0.9992150000000001	0.9992300000000001	0.9977999999999998	0.9991550000000002	0.99839	0.999775	0.9992800000000003	0.997255
1.3125	0.9993200000000002	0.9992850000000002	0.997875	0.9992050000000001	0.9986799999999999	0.99983	0.9990850000000002	0.9967999999999998
1.375	0.9993000000000002	0.9992950000000003	0.997935	0.9992800000000003	0.99849	0.9998650000000001	0.9994400000000001	0.996745
1.4375	0.9992300000000002	0.9991949999999999	0.9978250000000001	0.9991700000000001	0.99814	0.99975	0.9993750000000002	0.9962000000000002
1.5	0.9992500000000003	0.9992500000000003	0.9978650000000002	0.9991299999999999	0.9981099999999999	0.999775	0.9992150000000002	0.9953900000000001
