samples	BetaNB_p	binom	NB_p	BetaNB	MCNB	binom_beta	MCNB_p	NB
1.0	4.769696007084203e-05	0.0	5.830951894844659e-05	4.769696007084203e-05	0.0	0.0	0.0	5.567764362829409e-05
2.0	7.348469228348727e-05	3.570714214271032e-05	0.00011608186766242622	6.70820393249863e-05	4.769696007084204e-05	0.0	2.99999999999967e-05	0.00011521718621801644
4.0	0.00015842979517753116	0.00010712142642813096	0.00025768197453451635	0.00015842979517753116	8.944271909998172e-05	5.099019513592223e-05	0.0001048808848170036	0.0002539192785119093
8.0	0.00024753787588975	0.00021041625412503192	0.00036259481518631666	0.00024166091947191168	0.00019563997546516378	0.00010723805294762426	0.00024515301344263884	0.00035759614091877465
16.0	0.00024413111231469536	0.0003004579837514661	0.0005589275444992989	0.00024057223447440952	0.0003128498042191956	0.00014585952145813215	0.0003064310689208823	0.0005908468498689131
25.0	0.00022449944320644785	0.0003241913015489492	0.0005867495206644881	0.00022449944320644785	0.0007023353899669328	0.00010295630140985866	0.0005384236250388629	0.0005860674022670163
32.0	0.00018330302779823583	0.00032954514106568343	0.0005767148342118606	0.00017853571071357492	0.0005350467269314003	9.73396116696482e-05	0.0005877712139940078	0.0005872818744010479
48.0	0.00014924811556597654	0.00033207679834641014	0.0005318834458788851	0.00014352700094405742	0.00045398237851264827	5.8949130612751484e-05	0.0009761531642114534	0.0006157109711544834
64.0	9.797958971131634e-05	0.0003166622806713772	0.0004695476546635009	9.797958971131634e-05	0.0003392639090737569	5.8309518948446586e-05	0.0006737952211169149	0.0005877074101966012
