kappa	BetaNB_p	binom	NB_p	BetaNB	MCNB	binom_beta	MCNB_p	NB
10.0	0.4144904388982398	0.11179426434949491	0.14892559160087754	0.4228864152449267	0.07004592308253152	0.4911812851265007	0.07004592308253152	0.1465596311186883
16.0	0.44481723753594216	0.14682540375565672	0.16896138675442288	0.44661773670410704	0.044201970590547715	0.5101052742013004	0.09336565721383291	0.156668008600172
32.0	0.4928617646304538	0.21479111846731783	0.2188514110131757	0.4932517966351546	0.14508578714722842	0.5533613618364238	0.14508578714722842	0.19722480576883455
64.0	0.5668985748574857	0.3265399604960496	0.3143697704770477	0.5668635753575357	0.2384186598659866	0.6263444719471948	0.2384186598659866	0.2901843949394939
128.0	0.6673500000000001	0.487245	0.45527000000000006	0.66744	0.37286500000000006	0.730555	0.377165	0.43485499999999994
256.0	0.7852599999999998	0.671065	0.61783	0.7855800000000001	0.5467150000000001	0.8470599999999999	0.5467150000000001	0.6026300000000001
512.0	0.895645	0.8440800000000002	0.785615	0.89599	0.7376699999999999	0.9402250000000001	0.73216	0.776525
