kappa	BetaNB_p	binom	NB_p	BetaNB	MCNB	binom_beta	MCNB_p	NB
10.0	0.020895618780018107	0.0027852354257022777	0.0020961973256011096	0.0036946590728547946	0.0026606180262284946	0.004590878796779358	0.0026606180262284946	0.0020661360595256232
16.0	0.006212920609422681	0.003793090678993792	0.003907361361336771	0.006457959227875278	0.014750943323317594	0.005918330458126655	0.0031427334704369324	0.0033160270927488295
32.0	0.005111465824757083	0.003211800514449148	0.0029935967543250857	0.005005719268046214	0.003247937172650818	0.005673549972157828	0.003247937172650818	0.0032764264088249928
64.0	0.004303989132398237	0.004469759455240616	0.004025850616354884	0.004340628714896793	0.005261750819510858	0.004572297065019933	0.005261750819510858	0.0036420359165118005
128.0	0.004156260338332994	0.005887059962324145	0.005485900108459882	0.004223671388732785	0.008328041486448065	0.0038362058078262504	0.006132069389692192	0.005389385400952505
256.0	0.004057388322554305	0.006710981671856965	0.006771122506645398	0.004036533165972993	0.006213958078390945	0.0035231236140674904	0.006213958078390945	0.005905260366825497
512.0	0.002917785975701431	0.003583517824708008	0.004998827362492142	0.003059722209613159	0.018784730501127774	0.0030641271187729735	0.006487942663125187	0.004790811517895483
