r0w	BetaNB_p	binom	NB_p	BetaNB	MCNB	binom_beta	MCNB_p	NB
0.0	0.9931326741566291	0.8648394908860586	0.8360234109986193	0.9931877457539144	0.9712190940102541	0.9964712717863684	0.6518108831492124	0.8209269718555333
0.2	0.9924553374641739	0.8531212917510574	0.8238984522673695	0.992410273372942	0.9696011026315613	0.9962301038218048	0.6740498543536992	0.8080429549396969
0.4	0.9924219332030839	0.8371115258321169	0.8094442727851872	0.9925421636433247	0.6888079445075789	0.9960582706002473	0.6888079445075789	0.7933066865071005
0.6	0.991269194382719	0.8240667663899315	0.798680980709638	0.9913041992130633	0.7014380384066236	0.9958249741791055	0.7014380384066236	0.7822862160925385
0.8	0.9916626198054048	0.8137826834897292	0.7904911589474694	0.9916977105334219	0.7158775168727118	0.9962649908395905	0.7158775168727118	0.7740132075717284
1.0	0.9927296124830175	0.8038636298797173	0.7824940615244781	0.9926644153777863	0.725616380422659	0.9968011056745529	0.725616380422659	0.7653763484471513
