bias	BetaNB_p	binom	NB_p	BetaNB	MCNB	binom_beta	MCNB_p	NB
1.0	0.9998999784934476	0.9996749404849451	0.9987847914495335	0.9998999784934476	0.9986997489277727	0.9999899969986995	0.9990048069462805	0.9987547879490835
1.1	0.9998849784947484	0.9995699109739906	0.9987897869461826	0.9998849754927471	0.9991948639667891	0.9999949994999501	0.9997799589898968	0.9986197424314265
1.2	0.9999199844960487	0.9992148699660882	0.998164719433729	0.9999349884974494	0.9984097699465838	0.9999949994999501	0.999324899978193	0.998219718432528
1.3	0.9999399894973491	0.9980696594139223	0.9964844013521033	0.9999649934980492	0.99922486846784	0.9999899989999002	0.9995149104774427	0.9971094843696076
1.4	0.9999499919978992	0.9949692453375029	0.992533856753729	0.9999649934981493	0.9943788881711235	0.99998999849975	0.9995048879708917	0.9948291908179447
1.5	0.9999699959993998	0.9889384031645513	0.9856978995539679	0.9999649934981493	0.9966945103924166	0.9999949994999501	0.9972497094652445	0.9905536132004593
